web-scraper-order,web-scraper-start-url,link_toko,link_toko-href,nama_toko,Jml_produk,chat,follower,rating_toko,bergabung,promo,alamat_toko,link_produk,link_produk-href,nama_produk,promo_produk,terjual,gratis_ongkir,favorit
"1669205072-1","https://shopee.co.id/mall/brands/11042849","69Slam","https://shopee.co.id/69slam","","439","42% (hitungan jam)","7,5RB","4.8 (1,7RB penilaian)","24 bulan lalu","null","KAB. BADUNG","40%off69slam Sandal pria ARSIKI-ATDiskon 20%Murah LebayRp285.000Rp171.000110 TerjualKAB. BADUNG","https://shopee.co.id/69slam-Sandal-pria-ARSIKI-AT-i.340815435.12428025981?sp_atk=e585f4c2-9c81-4312-8f5e-9741579280f4&xptdk=e585f4c2-9c81-4312-8f5e-9741579280f4","null","null","null","null","null"
"1669205115-2","https://shopee.co.id/mall/brands/11042849","4CM","https://shopee.co.id/4cmstore","","508","36% (hitungan jam)","60,8RB","4.7 (28,5RB penilaian)","5 tahun lalu","null","KOTA DEPOK","30%off4CM Boxer black fireMurah LebayRp99.000Rp69.30010RB+ TerjualKOTA DEPOK","https://shopee.co.id/4CM-Boxer-black-fire-i.32984432.7155464356?sp_atk=9e23d95f-a388-45a0-aff8-fdcbf81f83f6&xptdk=9e23d95f-a388-45a0-aff8-fdcbf81f83f6","null","null","null","null","null"
"1669205160-3","https://shopee.co.id/mall/brands/11042849","4.20","https://shopee.co.id/4.20official","","121","79% (hitungan jam)","50,9RB","4.9 (7,2RB penilaian)","4 tahun lalu","null","KOTA BANDUNG","40%off4.20 T-Shirt Philosophy Mandala NavyPilih 2, bayar Rp170.000Rp170.000Rp102.000331 TerjualKOTA BANDUNG","https://shopee.co.id/4.20-T-Shirt-Philosophy-Mandala-Navy-i.87828273.10739275158?sp_atk=ebb92411-e81e-4d9a-bdea-848c658552be&xptdk=ebb92411-e81e-4d9a-bdea-848c658552be","null","null","null","null","null"
"1669205192-4","https://shopee.co.id/mall/brands/11042849","3Second","https://shopee.co.id/3secondshop","","9,2RB","84% (hitungan jam)","451,9RB","4.9 (116,3RB penilaian)","6 tahun lalu","null","KOTA BANDUNG","40%off3Second Men Jacket 021021Rp449.500Rp269.70049 TerjualKOTA BANDUNG","https://shopee.co.id/3Second-Men-Jacket-021021-i.18358818.11761195939?sp_atk=c281df17-e1d3-4e3e-b21e-e2927d1497ea&xptdk=c281df17-e1d3-4e3e-b21e-e2927d1497ea","null","null","null","null","null"
"1669205219-5","https://shopee.co.id/mall/brands/11042849","308ABSLTUNSCRD","https://shopee.co.id/308absltunscrd","","3,2RB","88% (hitungan jam)","64,8RB","4.8 (21,5RB penilaian)","4 tahun lalu","null","KAB. SLEMAN","308 ABSLTUNSCRD - Bracelete Rubber Gitd Think Positive - BlackDiskon 50%Rp25.000184 TerjualKAB. SLEMAN","https://shopee.co.id/308-ABSLTUNSCRD-Bracelete-Rubber-Gitd-Think-Positive-Black-i.93881215.3200350542?sp_atk=d489442a-40fe-415e-a407-d23303616654&xptdk=d489442a-40fe-415e-a407-d23303616654","null","null","null","null","null"
"1669205244-6","https://shopee.co.id/mall/brands/11042849","3'NThree","https://shopee.co.id/3nthreeofficial","","241","85% (hitungan jam)","7,1RB","4.8 (380 penilaian)","3 tahun lalu","null","KOTA TANGERANG","40%off3Nthree kemeja koko Pria Muslim originalDiskon Rp2,5RBMurah LebayRp249.000Rp149.40032 TerjualKOTA TANGERANG","https://shopee.co.id/3Nthree-kemeja-koko-Pria-Muslim-original-i.184001696.15666321843?sp_atk=135e4b20-0fae-4941-8c65-f33c23ba5ae1&xptdk=135e4b20-0fae-4941-8c65-f33c23ba5ae1","null","null","null","null","null"
"1669205268-7","https://shopee.co.id/mall/brands/11042849","2nd Red","https://shopee.co.id/2ndred","","311","85% (hitungan jam)","8,9RB","4.8 (13,1RB penilaian)","5 tahun lalu","null","KAB. BANDUNG BARAT","66%off2nd Red Celana Jeans Legend Slim Fit Premium Bahan Melar Warna Biru Muda 133266Diskon 10%Rp399.900Rp135.0004,4RB TerjualKAB. BANDUNG BARAT","https://shopee.co.id/2nd-Red-Celana-Jeans-Legend-Slim-Fit-Premium-Bahan-Melar-Warna-Biru-Muda-133266-i.23917033.1889960272?sp_atk=0cc74a1e-5176-4644-89e6-6a3d9fc0c1c5&xptdk=0cc74a1e-5176-4644-89e6-6a3d9fc0c1c5","null","null","null","null","null"
"1669205295-8","https://shopee.co.id/mall/brands/11042849","2FAB4YOU","https://shopee.co.id/2fab4you","","149","34% (hitungan menit)","1,9RB","4.9 (426 penilaian)","4 tahun lalu","null","KOTA JAKARTA BARAT","2FAB4YOU T-shirt OG FLAMINGO White/Putih - Pria/WanitaRp199.00013 TerjualKOTA JAKARTA BARAT","https://shopee.co.id/2FAB4YOU-T-shirt-OG-FLAMINGO-White-Putih-Pria-Wanita-i.73775993.2881168942?sp_atk=b0b595e4-5e1f-46f3-9caf-829723015372&xptdk=b0b595e4-5e1f-46f3-9caf-829723015372","null","null","null","null","null"
"1669205327-9","https://shopee.co.id/mall/brands/11042849","17Seven","https://shopee.co.id/seventeenseven","","1,8RB","78% (hitungan jam)","80,6RB","4.7 (48,8RB penilaian)","4 tahun lalu","null","KOTA JAKARTA TIMUR","78%off17Seven Original Celana Panjang Chino 015-HITAM-AKMurah LebayRp90.000 - Rp99.00010RB+ TerjualKOTA JAKARTA TIMUR","https://shopee.co.id/17Seven-Original-Celana-Panjang-Chino-015-HITAM-AK-i.91485121.7350661850?sp_atk=65645b6f-9f6e-438c-9bad-f9f057780b4c&xptdk=65645b6f-9f6e-438c-9bad-f9f057780b4c","null","null","null","null","null"
"1669205351-10","https://shopee.co.id/mall/brands/11042849","07:35","https://shopee.co.id/0735_apparel","","52","71% (hitungan jam)","9,4RB","4.9 (1,4RB penilaian)","27 bulan lalu","null","KOTA JAKARTA UTARA","07:35 - Random SaleRp73.500244 TerjualKOTA JAKARTA UTARA","https://shopee.co.id/07-35-Random-Sale-i.298491252.9975420944?sp_atk=d7223c74-eede-47e2-a41c-986cb641a8da&xptdk=d7223c74-eede-47e2-a41c-986cb641a8da","null","null","null","null","null"
"1669205378-11","https://shopee.co.id/mall/brands/11042849","Zweckout Label","https://shopee.co.id/zweckout_label.official","","83","96% (hitungan jam)","15,6RB","4.6 (16,2RB penilaian)","5 tahun lalu","null","KAB. BANDUNG","44%offZWECKOUT LABEL - Celana Joger Slim Fit Skinny Jogger Pants Pria Korean Style HitamDiskon Rp5RBMurah LebayRp160.000Rp89.00010RB+ TerjualKAB. BANDUNG","https://shopee.co.id/ZWECKOUT-LABEL-Celana-Joger-Slim-Fit-Skinny-Jogger-Pants-Pria-Korean-Style-Hitam-i.59825614.6716661856?sp_atk=f9391e12-ab64-4068-ac7d-be9672b544be&xptdk=f9391e12-ab64-4068-ac7d-be9672b544be","null","null","null","null","null"
"1669205402-12","https://shopee.co.id/mall/brands/11042849","Zhon Army","https://shopee.co.id/zhonarmy","","37","72% (hitungan jam)","5,3RB","4.5 (215 penilaian)","4 bulan lalu","null","KAB. BANDUNG","ZHON ARMY - Ciel UnderPants - Cd Boxer Pria RandomDiskon 90%Rp50.000 - Rp200.000466 TerjualKAB. BANDUNG","https://shopee.co.id/ZHON-ARMY-Ciel-UnderPants-Cd-Boxer-Pria-Random-i.832121891.16581051299?sp_atk=3cf6cd19-6dfa-4f64-b0d3-756e9a5c8a84&xptdk=3cf6cd19-6dfa-4f64-b0d3-756e9a5c8a84","null","null","null","null","null"
"1669205427-13","https://shopee.co.id/mall/brands/11042849","ZG Zegoboss","https://shopee.co.id/zgzegoboss","","54","84% (hitungan jam)","5,1RB","4.8 (1RB penilaian)","26 bulan lalu","null","KOTA JAKARTA PUSAT","65%offZEGO BOSS Celana Panjang Jeans Stretch Denim Regular Fit (Solid Black)Murah LebayRp199.900 - Rp239.900443 TerjualKOTA JAKARTA PUSAT","https://shopee.co.id/ZEGO-BOSS-Celana-Panjang-Jeans-Stretch-Denim-Regular-Fit-(Solid-Black)-i.307319831.7351957312?sp_atk=81e1c561-c8b4-4ead-9b60-eb09db3904bc&xptdk=81e1c561-c8b4-4ead-9b60-eb09db3904bc","null","null","null","null","null"
"1669205455-14","https://shopee.co.id/mall/brands/11042849","ZeroTwentyTwo","https://shopee.co.id/zerotwentytwo.id","","715","84% (hitungan jam)","72,2RB","4.8 (18,9RB penilaian)","3 tahun lalu","null","KOTA BANDUNG","46%offZeroTwentyTwo T-shirt Transfer Black | Kaos Pria Parodi Plesetan Lucu ThrasherDiskon Rp2RBPilih 2, bayar Rp189.000Rp175.000Rp94.000875 TerjualKOTA BANDUNG","https://shopee.co.id/ZeroTwentyTwo-T-shirt-Transfer-Black-Kaos-Pria-Parodi-Plesetan-Lucu-Thrasher-i.175877695.7115926408?sp_atk=4fc141fe-cbd9-4098-9dd3-9cdc4eb81473&xptdk=4fc141fe-cbd9-4098-9dd3-9cdc4eb81473","null","null","null","null","null"
"1669205482-15","https://shopee.co.id/mall/brands/11042849","ZEROHEROES","https://shopee.co.id/zeroheroes.original","","435","97% (hitungan jam)","35,9RB","4.9 (12,3RB penilaian)","4 tahun lalu","null","KAB. MALANG","44%offZeroheroes | Kaos Kaki Tebal Premium Motif Garis OldschoolDiskon Rp1RBMurah LebayRp35.000Rp19.7002,3RB TerjualKAB. MALANG","https://shopee.co.id/Zeroheroes-Kaos-Kaki-Tebal-Premium-Motif-Garis-Oldschool-i.96006998.7450999154?sp_atk=54c50303-b333-4669-a9c9-9d0ca702aac6&xptdk=54c50303-b333-4669-a9c9-9d0ca702aac6","null","null","null","null","null"
"1669205509-16","https://shopee.co.id/mall/brands/11042849","Zaskia Mecca","https://shopee.co.id/zaskiamecca.official","","1,3RB","100% (hitungan jam)","1,9JT","4.8 (889,4RB penilaian)","6 tahun lalu","null","KOTA DEPOK","65%offZM Zaskia Mecca - Penyengat Dusty Green Scarf Kerudung Segi Empat Ultra SonicDiskon 10%Pilih 3, diskon 5%Rp189.000Rp67.0001,4RB TerjualKOTA DEPOK","https://shopee.co.id/ZM-Zaskia-Mecca-Penyengat-Dusty-Green-Scarf-Kerudung-Segi-Empat-Ultra-Sonic-i.12654106.6984957612?sp_atk=7837c60f-3631-4366-ab40-12352ab93043&xptdk=7837c60f-3631-4366-ab40-12352ab93043","null","null","null","null","null"
"1669205534-17","https://shopee.co.id/mall/brands/11042849","Zanetti","https://shopee.co.id/zanettiofficial","","33","100%","822","4.9 (16 penilaian)","27 bulan lalu","null","KOTA JAKARTA UTARA","ZL 75004 Zanetti Kemeja Basic Polos Slim Fit Lengan Panjang Hitam PekatRp249.0003 TerjualKOTA JAKARTA UTARA","https://shopee.co.id/ZL-75004-Zanetti-Kemeja-Basic-Polos-Slim-Fit-Lengan-Panjang-Hitam-Pekat-i.300622025.9010811787?sp_atk=69ae2a1e-0074-4a3a-98a1-3fc969ef51ff&xptdk=69ae2a1e-0074-4a3a-98a1-3fc969ef51ff","null","null","null","null","null"
"1669205560-18","https://shopee.co.id/mall/brands/11042849","Zalora","https://shopee.co.id/tolliverofficialshop","","3,3RB","99% (hitungan jam)","120,2RB","4.8 (13,7RB penilaian)","3 tahun lalu","null","KOTA BEKASI","60%offTolliver Hoodies With Zipper NavyDiskon 5%Rp349.000Rp139.000233 TerjualKOTA BEKASI","https://shopee.co.id/Tolliver-Hoodies-With-Zipper-Navy-i.166667048.4439560886?sp_atk=cd013450-42f9-4505-b479-6d83dff70f95&xptdk=cd013450-42f9-4505-b479-6d83dff70f95","null","null","null","null","null"
"1669205592-19","https://shopee.co.id/mall/brands/11042849","Zaemerci","https://shopee.co.id/zaemerci","","105","98% (hitungan jam)","23RB","4.8 (13,2RB penilaian)","33 bulan lalu","null","KOTA BANDUNG","20%offZaemerci - Kimono Kanvas  Lengan Panjang  Pria | Outer Casual Unisex OriginalDiskon 50%Pilih 2, diskon Rp15.000Rp72.000 - Rp153.0004,8RB TerjualKOTA BANDUNG","https://shopee.co.id/Zaemerci-Kimono-Kanvas-Lengan-Panjang-Pria-Outer-Casual-Unisex-Original-i.228751626.9915157509?sp_atk=5042d605-12b3-498a-86d7-b110c2ab1aa7&xptdk=5042d605-12b3-498a-86d7-b110c2ab1aa7","null","null","null","null","null"
"1669205623-20","https://shopee.co.id/mall/brands/11042849","Yesterday","https://shopee.co.id/yesterdayofficial","","435","95% (hitungan jam)","126RB","4.7 (131,9RB penilaian)","3 tahun lalu","null","KOTA BANDUNG","60%offYesterday Waistbag Full Print Takei BlackDiskon Rp2,5RBPilih 3, bayar Rp195.000Rp195.000Rp78.0002,7RB TerjualKOTA BANDUNG","https://shopee.co.id/Yesterday-Waistbag-Full-Print-Takei-Black-i.173440820.5556050824?sp_atk=c8d33a9e-75b0-4154-8c00-21f0f0849a7b&xptdk=c8d33a9e-75b0-4154-8c00-21f0f0849a7b","null","null","null","null","null"
"1669205650-21","https://shopee.co.id/mall/brands/11042849","YEGE","https://shopee.co.id/yegeindonesia","","592","37% (hitungan jam)","7,4RB","4.7 (4,8RB penilaian)","4 tahun lalu","null","KOTA JAKARTA UTARA","YEGE Kemeja Koko Pria Putih HADAAD Lengan PanjangRp149.900144 TerjualKOTA JAKARTA UTARA","https://shopee.co.id/YEGE-Kemeja-Koko-Pria-Putih-HADAAD-Lengan-Panjang-i.85448016.6642570864?sp_atk=d2c8b7d3-8dbc-4c2f-9726-d368015f8c5a&xptdk=d2c8b7d3-8dbc-4c2f-9726-d368015f8c5a","null","null","null","null","null"
"1669205675-22","https://shopee.co.id/mall/brands/11042849","Yauds.co","https://shopee.co.id/yauds.co","","37","20% (hitungan jam)","1,3RB","4.8 (50 penilaian)","4 tahun lalu","null","KOTA JAKARTA SELATAN","YAUDS.co x SPEAK UP TshirtRp220.0008 TerjualKOTA JAKARTA SELATAN","https://shopee.co.id/YAUDS.co-x-SPEAK-UP-Tshirt-i.128826850.9467307541?sp_atk=790cfbe9-19c5-498c-8dde-935f55d112eb&xptdk=790cfbe9-19c5-498c-8dde-935f55d112eb","null","null","null","null","null"
"1669205698-23","https://shopee.co.id/mall/brands/11042849","Yard Sale","https://shopee.co.id/yardsaleofficial","","690","68% (hitungan jam)","698","4.9 (99 penilaian)","22 bulan lalu","null","KOTA JAKARTA PUSAT","50%offYard Sale Costuum Kitsune Nylon Waist Bag OliveRp399.000Rp199.5001 TerjualKOTA JAKARTA PUSAT","https://shopee.co.id/Yard-Sale-Costuum-Kitsune-Nylon-Waist-Bag-Olive-i.383744581.4081437312?sp_atk=19ac9327-edcd-43a8-be9c-080cc770f1d7&xptdk=19ac9327-edcd-43a8-be9c-080cc770f1d7","null","null","null","null","null"
"1669205722-24","https://shopee.co.id/mall/brands/11042849","YAMASURIH","https://shopee.co.id/yamasurih.official","","57","36% (hitungan menit)","1,1RB","4.9 (171 penilaian)","29 bulan lalu","null","KOTA BANDUNG","Yamasurih - Kaos Hitam ""Pecker Bozo"" T-ShirtRp200.00034 TerjualKOTA BANDUNG","https://shopee.co.id/Yamasurih-Kaos-Hitam-Pecker-Bozo-T-Shirt-i.272365407.4863866211?sp_atk=2ed008d5-e0d1-4147-b312-2075d14c3d39&xptdk=2ed008d5-e0d1-4147-b312-2075d14c3d39","null","null","null","null","null"
"1669205747-25","https://shopee.co.id/mall/brands/11042849","YAJUGAYA","https://shopee.co.id/yajugayaindonesia","","68","87% (hitungan jam)","1,4RB","4.9 (232 penilaian)","3 tahun lalu","null","KOTA BEKASI","Yajugaya - SituasuRp215.00035 TerjualKOTA BEKASI","https://shopee.co.id/Yajugaya-Situasu-i.161754161.2429683023?sp_atk=74973b07-e5c2-485e-94d7-6176a893d79a&xptdk=74973b07-e5c2-485e-94d7-6176a893d79a","null","null","null","null","null"
"1669205772-26","https://shopee.co.id/mall/brands/11042849","XXMAKE","https://shopee.co.id/xxmake_official","","57","100% (hitungan menit)","82,2RB","4.8 (54RB penilaian)","31 bulan lalu","null","KAB. TANGERANG","51%offXXMake Elastic Cover Sofa Bed Penutup Sofa Pattern Modern Menarik Sarung Sofa Bed S M L Penutup Sofa Bed ElastisDiskon 20%Murah LebayRp83.000 - Rp114.00010RB+ TerjualKAB. TANGERANG","https://shopee.co.id/XXMake-Elastic-Cover-Sofa-Bed-Penutup-Sofa-Pattern-Modern-Menarik-Sarung-Sofa-Bed-S-M-L-Penutup-Sofa-Bed-Elastis-i.253240817.12446645553?sp_atk=2b427788-159c-444a-ab29-da102cf126a5&xptdk=2b427788-159c-444a-ab29-da102cf126a5","null","null","null","null","null"
"1669205797-27","https://shopee.co.id/mall/brands/11042849","X8","https://shopee.co.id/x8official","","2,1RB","93% (hitungan jam)","159,8RB","4.9 (20,2RB penilaian)","5 tahun lalu","null","KOTA JAKARTA BARAT","50%offBLUELINE by X8 Nino T-Shirt Pakaian PriaHadiah GratisRp189.900Rp94.950382 TerjualKOTA JAKARTA BARAT","https://shopee.co.id/BLUELINE-by-X8-Nino-T-Shirt-Pakaian-Pria-i.66854073.9423501364?sp_atk=603ab83c-db6d-4077-9bec-3581981ee8aa&xptdk=603ab83c-db6d-4077-9bec-3581981ee8aa","null","null","null","null","null"
"1669205821-28","https://shopee.co.id/mall/brands/11042849","X Urban Absolute","https://shopee.co.id/xurbandabsolute","","253","92% (hitungan jam)","173,4RB","4.8 (31,2RB penilaian)","34 bulan lalu","null","KAB. BANDUNG","20%offX Urband Absolute Jaket Sukajan Raion Terlaris A096Kombo HematRp60.000 - Rp89.60010RB+ TerjualKAB. BANDUNG","https://shopee.co.id/X-Urband-Absolute-Jaket-Sukajan-Raion-Terlaris-A096-i.224747419.9127208738?sp_atk=f6737653-4c8b-451a-9049-904031c77dc0&xptdk=f6737653-4c8b-451a-9049-904031c77dc0","null","null","null","null","null"
"1669205851-29","https://shopee.co.id/mall/brands/11042849","Wrangler","https://shopee.co.id/wranglerofficial","","1,1RB","58% (hitungan jam)","160RB","4.8 (30,1RB penilaian)","5 tahun lalu","null","KOTA BEKASI","20%offWrangler Jeans Texasbmcbc01A18Diskon Rp40RBRp459.900Rp367.920567 TerjualKOTA BEKASI","https://shopee.co.id/Wrangler-Jeans-Texasbmcbc01A18-i.55945766.4815275614?sp_atk=6f3124cb-c877-4352-9b41-0bd681b92b26&xptdk=6f3124cb-c877-4352-9b41-0bd681b92b26","null","null","null","null","null"
"1669205875-30","https://shopee.co.id/mall/brands/11042849","Worth ID","https://shopee.co.id/worthid.clothing","","438","87% (hitungan jam)","139,2RB","4.8 (42,5RB penilaian)","6 tahun lalu","null","KOTA BEKASI","25%offWORTH ID Kemeja Pria Cotton Pique Panjang BlackDiskon 50%Rp150.000 - Rp199.0002RB TerjualKOTA BEKASI","https://shopee.co.id/WORTH-ID-Kemeja-Pria-Cotton-Pique-Panjang-Black-i.11950297.1509390338?sp_atk=69ff5cda-28a1-41a1-9d86-0f32ba37e3a4&xptdk=69ff5cda-28a1-41a1-9d86-0f32ba37e3a4","null","null","null","null","null"
"1669205905-31","https://shopee.co.id/mall/brands/11042849","Wormhole","https://shopee.co.id/wormholestore","","537","91% (hitungan jam)","95,2RB","4.9 (12,9RB penilaian)","4 tahun lalu","null","KOTA BANDUNG","5%offW.Essentiels Jaket Ecume Oversize Hoodie Olive EssentielsDiskon 10%Rp499.000Rp474.0501,2RB TerjualKOTA BANDUNG","https://shopee.co.id/W.Essentiels-Jaket-Ecume-Oversize-Hoodie-Olive-Essentiels-i.87216194.1455625420?sp_atk=46ae2653-db17-49e7-8dae-25b88ebfe24f&xptdk=46ae2653-db17-49e7-8dae-25b88ebfe24f","null","null","null","null","null"
"1669205934-32","https://shopee.co.id/mall/brands/11042849","Workout Streetwear","https://shopee.co.id/workoutstreetwear","","343","98% (hitungan jam)","112,1RB","4.8 (53,2RB penilaian)","25 bulan lalu","null","KOTA BANDUNG","51%offWorkout Streetwear Kaos Distro Cream BrokePilih 2, bayar Rp145.000Rp68.600 - Rp75.6008RB TerjualKOTA BANDUNG","https://shopee.co.id/Workout-Streetwear-Kaos-Distro-Cream-Broke-i.327711825.7884871886?sp_atk=82b431fc-ab53-4b77-a0c9-46b61a32e20b&xptdk=82b431fc-ab53-4b77-a0c9-46b61a32e20b","null","null","null","null","null"
"1669205963-33","https://shopee.co.id/mall/brands/11042849","Woof Pack","https://shopee.co.id/woofpack","","88","63% (hitungan jam)","2,6RB","4.6 (4RB penilaian)","4 tahun lalu","null","KOTA JAKARTA BARAT","84%offTas Pouch Clutch Aksesoris Wanita Pria Multifungsi Woof Pack TCpouchXmi1Murah LebayRp70.000Rp10.9002,6RB TerjualKOTA JAKARTA BARAT","https://shopee.co.id/Tas-Pouch-Clutch-Aksesoris-Wanita-Pria-Multifungsi-Woof-Pack-TCpouchXmi1-i.136847255.2090382228?sp_atk=ddd49af7-8b93-41af-9fd6-40b732bb020c&xptdk=ddd49af7-8b93-41af-9fd6-40b732bb020c","null","null","null","null","null"
"1669205988-34","https://shopee.co.id/mall/brands/11042849","Woodcutter","https://shopee.co.id/woodcutter","","174","96% (hitungan jam)","50,2RB","4.8 (22,2RB penilaian)","6 tahun lalu","null","KOTA BEKASI","16%offWOODCUTTER Kemeja Green Oakland Flannel ShirtPilih 2, diskon Rp5.000Rp189.000Rp159.5001,5RB TerjualKOTA BEKASI","https://shopee.co.id/WOODCUTTER-Kemeja-Green-Oakland-Flannel-Shirt-i.11559302.7532185453?sp_atk=2fafb053-791a-49de-b4fe-3529b0d19a39&xptdk=2fafb053-791a-49de-b4fe-3529b0d19a39","null","null","null","null","null"
"1669206012-35","https://shopee.co.id/mall/brands/11042849","Wood","https://shopee.co.id/woodofficialshop","","368","64% (hitungan jam)","10,1RB","4.9 (1,9RB penilaian)","25 bulan lalu","null","KOTA BEKASI","50%offWOOD Modern Fit Chino Pants 2-OPXBSC518O028 SandDiskon Rp20RBRp479.900Rp239.95072 TerjualKOTA BEKASI","https://shopee.co.id/WOOD-Modern-Fit-Chino-Pants-2-OPXBSC518O028-Sand-i.321648624.3371878387?sp_atk=1f1663c8-4b1b-4abe-b257-fa02466a2312&xptdk=1f1663c8-4b1b-4abe-b257-fa02466a2312","null","null","null","null","null"
"1669206044-36","https://shopee.co.id/mall/brands/11042849","Woffi Man","https://shopee.co.id/woffimanofficialshop","","1RB","94% (hitungan jam)","9,7RB","4.8 (2,6RB penilaian)","29 bulan lalu","null","KOTA SURABAYA","80%offWoffi Kaos Pria - Denimize StripesRp380.000Rp75.00083 TerjualKOTA SURABAYA","https://shopee.co.id/Woffi-Kaos-Pria-Denimize-Stripes-i.279757087.7345304149?sp_atk=986e086b-faec-4e45-9c73-296c100e41e1&xptdk=986e086b-faec-4e45-9c73-296c100e41e1","null","null","null","null","null"
"1669206074-37","https://shopee.co.id/mall/brands/11042849","WKND","https://shopee.co.id/wkndclothes","","596","94% (hitungan jam)","148,8RB","4.8 (34,1RB penilaian)","4 tahun lalu","null","KOTA BANDUNG","44%offWKND Sweater Crewneck Original 1074 Cream Be Bold And BraveRp295.000Rp165.0007,5RB TerjualKOTA BANDUNG","https://shopee.co.id/WKND-Sweater-Crewneck-Original-1074-Cream-Be-Bold-And-Brave-i.107851093.7877608885?sp_atk=986b0358-2694-4f06-b8fa-dc14ae2c903f&xptdk=986b0358-2694-4f06-b8fa-dc14ae2c903f","null","null","null","null","null"
"1669206099-38","https://shopee.co.id/mall/brands/11042849","WIN Indonesia","https://shopee.co.id/winofficialshop","","31","74% (hitungan jam)","2,7RB","4.7 (388 penilaian)","10 bulan lalu","null","KAB. BANDUNG","47%offWIN - Parfume Unisex TravelRp80.000Rp42.400101 TerjualKAB. BANDUNG","https://shopee.co.id/WIN-Parfume-Unisex-Travel-i.680129571.20855210672?sp_atk=c717bdb1-176c-4754-8e68-51b4846a8b70&xptdk=c717bdb1-176c-4754-8e68-51b4846a8b70","null","null","null","null","null"
"1669206124-39","https://shopee.co.id/mall/brands/11042849","Will K","https://shopee.co.id/willklondon","","193","73% (hitungan jam)","18,6RB","4.8 (1,6RB penilaian)","5 tahun lalu","null","KOTA SURABAYA","47%offWILL-K LONDON T-shirt Contemporary Work Wear Sage GreenCashback 11%Rp189.900Rp99.90050 TerjualKOTA SURABAYA","https://shopee.co.id/WILL-K-LONDON-T-shirt-Contemporary-Work-Wear-Sage-Green-i.57319952.9653584802?sp_atk=3edbd86d-a191-4e9c-ae2a-a80834c9ccda&xptdk=3edbd86d-a191-4e9c-ae2a-a80834c9ccda","null","null","null","null","null"
"1669206150-40","https://shopee.co.id/mall/brands/11042849","WHSTL.","https://shopee.co.id/whstlofficial","","971","92% (hitungan jam)","55,9RB","4.8 (16,5RB penilaian)","5 tahun lalu","null","KOTA BANDUNG","40%offWHSTL. Topi 5 Panel Pria - Clone Series (5 Pilihan Warna)Diskon Rp5RBRp120.000Rp72.0004,8RB TerjualKOTA BANDUNG","https://shopee.co.id/WHSTL.-Topi-5-Panel-Pria-Clone-Series-(5-Pilihan-Warna)-i.58359064.5832274561?sp_atk=b9197ec6-39e8-4a23-a6f6-1260b742f3c2&xptdk=b9197ec6-39e8-4a23-a6f6-1260b742f3c2","null","null","null","null","null"
"1669206180-41","https://shopee.co.id/mall/brands/11042849","WGB","https://shopee.co.id/wahgedebanget","","292","70% (hitungan jam)","11,3RB","4.9 (6,5RB penilaian)","6 tahun lalu","null","KOTA TANGERANG","Masker+ PRO BIG SIZE Bahan 3 Lapis Non Medis Tebal Earloop Korea Anti Virus WGBGrosirRp34.9002,1RB TerjualKOTA TANGERANG","https://shopee.co.id/Masker-PRO-BIG-SIZE-Bahan-3-Lapis-Non-Medis-Tebal-Earloop-Korea-Anti-Virus-WGB-i.6308095.6654182982?sp_atk=faf068cc-8b19-49c6-b16c-50074be7aae7&xptdk=faf068cc-8b19-49c6-b16c-50074be7aae7","null","null","null","null","null"
"1669206207-42","https://shopee.co.id/mall/brands/11042849","Welldone","https://shopee.co.id/welldone.store","","275","81% (hitungan jam)","182,6RB","4.8 (81,9RB penilaian)","4 tahun lalu","null","KAB. BANDUNG","43%offWelldone Hoodie - Hoodie Fantastic BlackRp349.000Rp199.0003RB TerjualKAB. BANDUNG","https://shopee.co.id/Welldone-Hoodie-Hoodie-Fantastic-Black-i.96896363.6131859864?sp_atk=56a542ed-764b-4904-be0e-e92882ead5a4&xptdk=56a542ed-764b-4904-be0e-e92882ead5a4","null","null","null","null","null"
"1669206235-43","https://shopee.co.id/mall/brands/11042849","Wellborn","https://shopee.co.id/wellborncompany","","344","97% (hitungan jam)","383,4RB","4.8 (173,8RB penilaian)","34 bulan lalu","null","KOTA BANDUNG","74%offWellborn Polo Two Tone Shirt CollectionHadiah GratisRp265.000Rp69.0002,3RB TerjualKOTA BANDUNG","https://shopee.co.id/Wellborn-Polo-Two-Tone-Shirt-Collection-i.218995246.9819735704?sp_atk=70935323-ed1b-43b3-a7dd-c185d3d12e70&xptdk=70935323-ed1b-43b3-a7dd-c185d3d12e70","null","null","null","null","null"
"1669206261-44","https://shopee.co.id/mall/brands/11042849","Wear Ware","https://shopee.co.id/wearware.id","","31","100% (hitungan jam)","1,3RB","4.9 (1,4RB penilaian)","5 tahun lalu","null","KOTA JAKARTA BARAT","26%offWEAR WARE - T Shirt Wanita - Bamboo Cotton V Neck WB003Rp59.200 - Rp80.000535 TerjualKOTA JAKARTA BARAT","https://shopee.co.id/WEAR-WARE-T-Shirt-Wanita-Bamboo-Cotton-V-Neck-WB003-i.45175550.2946904401?sp_atk=c68ebec6-b96d-4ce2-a883-a679ee8e3491&xptdk=c68ebec6-b96d-4ce2-a883-a679ee8e3491","null","null","null","null","null"
"1669206288-45","https://shopee.co.id/mall/brands/11042849","Watchout","https://shopee.co.id/watchout.casual.jeans","","457","99% (hitungan jam)","20,2RB","4.9 (8,7RB penilaian)","31 bulan lalu","null","KOTA BANDUNG","70%offWatchout Short Sleeve Koko - JS8007401Hadiah GratisRp439.900Rp129.900158 TerjualKOTA BANDUNG","https://shopee.co.id/Watchout-Short-Sleeve-Koko-JS8007401-i.243163767.6558577471?sp_atk=a6f6550a-063e-4eae-96cc-8205e7bab5bc&xptdk=a6f6550a-063e-4eae-96cc-8205e7bab5bc","null","null","null","null","null"
"1669206319-46","https://shopee.co.id/mall/brands/11042849","Wassup WSP","https://shopee.co.id/wassup_wsp","","136","100% (hitungan menit)","4,5RB","4.8 (4,5RB penilaian)","18 bulan lalu","null","KAB. TANGERANG","54%off【BPOM】WASSUP BIOAQUA  Essence Mask 10x the effect Whitening Moisturizing SKIN CARE Sleeping MASKER wajah Sheet MASK 25g/28ml Buy 7pcs get Rp1900 offPilih 7, diskon Rp1.900Rp3.699 - Rp4.09910RB+ TerjualKAB. TANGERANG","https://shopee.co.id/%E3%80%90BPOM%E3%80%91WASSUP-BIOAQUA-Essence-Mask-10x-the-effect-Whitening-Moisturizing-SKIN-CARE-Sleeping-MASKER-wajah-Sheet-MASK-25g-28ml-Buy-7pcs-get-Rp1900-off-i.456602822.17125030498?sp_atk=7df46b4a-aec8-4cb6-beee-c95a503b421c&xptdk=7df46b4a-aec8-4cb6-beee-c95a503b421c","null","null","null","null","null"
"1669206345-47","https://shopee.co.id/mall/brands/11042849","Waskito","https://shopee.co.id/batikwaskito","","291","94% (hitungan jam)","12,2RB","4.9 (2RB penilaian)","3 tahun lalu","null","KOTA SURABAYA","67%offMasker Batik Katun murah (random)GrosirRp3.000Rp1.000370 TerjualKOTA SURABAYA","https://shopee.co.id/Masker-Batik-Katun-murah-(random)-i.173440985.13128151389?sp_atk=63c380d4-eead-4e4f-b202-8634f46af396&xptdk=63c380d4-eead-4e4f-b202-8634f46af396","null","null","null","null","null"
"1669206370-48","https://shopee.co.id/mall/brands/11042849","Warning Clothing","https://shopee.co.id/warningclothing","","366","80% (hitungan jam)","14,7RB","4.8 (6,5RB penilaian)","34 bulan lalu","null","KOTA BANDUNG","Warning Praise 1 Polo CapRp149.000335 TerjualKOTA BANDUNG","https://shopee.co.id/Warning-Praise-1-Polo-Cap-i.223114590.5740497020?sp_atk=3e90f434-a5c4-4ae1-8cd5-d80e783c68b9&xptdk=3e90f434-a5c4-4ae1-8cd5-d80e783c68b9","null","null","null","null","null"
"1669206393-49","https://shopee.co.id/mall/brands/11042849","WARDKICK","https://shopee.co.id/wardkick_official_shop","","53","74% (hitungan jam)","5,1RB","4.8 (651 penilaian)","4 tahun lalu","null","KAB. BANDUNG BARAT","50%offWARDKICK Sweater Crewneck black white MetalRp350.000Rp175.0001,5RB TerjualKAB. BANDUNG BARAT","https://shopee.co.id/WARDKICK-Sweater-Crewneck-black-white-Metal-i.145609753.11809220219?sp_atk=1ab1398e-cabc-4924-b25b-a5ef19034854&xptdk=1ab1398e-cabc-4924-b25b-a5ef19034854","null","null","null","null","null"
"1669206423-50","https://shopee.co.id/mall/brands/11042849","Walrus","https://shopee.co.id/walrusfashion","","91","97% (hitungan jam)","13,9RB","4.9 (13,7RB penilaian)","4 tahun lalu","null","KOTA SURABAYA","56%offWalrus Kaos Polo Basic (Polos) Putih  T1021501Diskon Rp5RBRp269.900Rp119.900165 TerjualKOTA SURABAYA","https://shopee.co.id/Walrus-Kaos-Polo-Basic-(Polos)-Putih-T1021501-i.89671317.6213714446?sp_atk=59fd1048-62d1-491f-978f-f25c1ba8cfea&xptdk=59fd1048-62d1-491f-978f-f25c1ba8cfea","null","null","null","null","null"
"1669206450-51","https://shopee.co.id/mall/brands/11042849","WALKOUT","https://shopee.co.id/walkoutclothing","","79","88% (hitungan menit)","20RB","4.8 (606 penilaian)","5 tahun lalu","null","KOTA CIMAHI","28%offWalkout Wallet Bio BrownDiskon 50%Pilih 2, diskon Rp5.000Rp160.000Rp115.000141 TerjualKOTA CIMAHI","https://shopee.co.id/Walkout-Wallet-Bio-Brown-i.68131673.6041062824?sp_atk=d845c691-0464-4cf4-9ae8-1bae12c0dc3e&xptdk=d845c691-0464-4cf4-9ae8-1bae12c0dc3e","null","null","null","null","null"
"1669206473-52","https://shopee.co.id/mall/brands/11042849","WADEZIG!","https://shopee.co.id/wadezigstore","","1,3RB","80% (hitungan jam)","93,5RB","4.8 (11,1RB penilaian)","4 tahun lalu","null","KOTA BANDUNG","WADEZIG! Tshirt - Jerusalem Black On Black #3Murah LebayRp135.000286 TerjualKOTA BANDUNG","https://shopee.co.id/WADEZIG!-Tshirt-Jerusalem-Black-On-Black-3-i.118297438.10730160310?sp_atk=475d5243-7327-4a3d-b3e1-6d597da66e5c&xptdk=475d5243-7327-4a3d-b3e1-6d597da66e5c","null","null","null","null","null"
"1669206497-53","https://shopee.co.id/mall/brands/11042849","VSLSS","https://shopee.co.id/vslss.official","","135","96% (hitungan menit)","1,5RB","4.9 (118 penilaian)","4 tahun lalu","null","KOTA BANDUNG","70%offVslss - Hoodie - Establert - BlackDiskon Rp20RBRp359.000Rp107.7001 TerjualKOTA BANDUNG","https://shopee.co.id/Vslss-Hoodie-Establert-Black-i.74213140.3183746429?sp_atk=77290f4d-1793-46a1-9665-28db90223e7c&xptdk=77290f4d-1793-46a1-9665-28db90223e7c","null","null","null","null","null"
"1669206521-54","https://shopee.co.id/mall/brands/11042849","Vreedom","https://shopee.co.id/vreedomofficial","","38","83% (hitungan jam)","2,2RB","4.9 (433 penilaian)","13 bulan lalu","null","KOTA DEPOK","32%offVREEDOM Hermit Oversized T-shirt BlackDiskon 5%Rp249.000Rp169.999117 TerjualKOTA DEPOK","https://shopee.co.id/VREEDOM-Hermit-Oversized-T-shirt-Black-i.572294517.15017849452?sp_atk=82a5701a-6278-4255-8f64-ec3332b71610&xptdk=82a5701a-6278-4255-8f64-ec3332b71610","null","null","null","null","null"
"1669206549-55","https://shopee.co.id/mall/brands/11042849","Voordurend Love","https://shopee.co.id/voordurend","","238","90% (hitungan jam)","12,1RB","4.8 (3,2RB penilaian)","4 tahun lalu","null","KOTA DENPASAR","10%offVoordurend Love - Mackas Icon Laxtee -  Unisex - Black – Tshirt – Relaxed Fit – Cotton Combed 20sCashback 5%Rp199.000Rp179.10073 TerjualKOTA DENPASAR","https://shopee.co.id/Voordurend-Love-Mackas-Icon-Laxtee-Unisex-Black-%E2%80%93-Tshirt-%E2%80%93-Relaxed-Fit-%E2%80%93-Cotton-Combed-20s-i.119754295.4779971818?sp_atk=f48281c6-4e6e-49ed-b8d6-0a35ae8a3530&xptdk=f48281c6-4e6e-49ed-b8d6-0a35ae8a3530","null","null","null","null","null"
"1669206575-56","https://shopee.co.id/mall/brands/11042849","Von Dutch","https://shopee.co.id/vondutchofficial","","434","43% (hitungan jam)","30,5RB","4.9 (17RB penilaian)","33 bulan lalu","null","KOTA JAKARTA BARAT","30%offVondutch / Kaos / Tshirt / baju 0330BLRp359.000Rp251.300312 TerjualKOTA JAKARTA BARAT","https://shopee.co.id/Vondutch-Kaos-Tshirt-baju-0330BL-i.228625083.4342106284?sp_atk=3363befd-11ea-4e88-9268-fd7e19767504&xptdk=3363befd-11ea-4e88-9268-fd7e19767504","null","null","null","null","null"
"1669206602-57","https://shopee.co.id/mall/brands/11042849","VOLKVOG","https://shopee.co.id/volkvog","","306","98% (hitungan menit)","37,4RB","4.9 (7,7RB penilaian)","4 tahun lalu","null","KOTA BEKASI","43%offVolkvog Jeans Chino Panjang Genova SlimfitRp350.000Rp199.5001RB TerjualKOTA BEKASI","https://shopee.co.id/Volkvog-Jeans-Chino-Panjang-Genova-Slimfit-i.78022274.1336544032?sp_atk=0584346f-ba2c-4d34-b9c6-c4993924ee6e&xptdk=0584346f-ba2c-4d34-b9c6-c4993924ee6e","null","null","null","null","null"
"1669206631-58","https://shopee.co.id/mall/brands/11042849","Volcom","https://shopee.co.id/volcomofficial","","619","100% (hitungan menit)","42,8RB","4.9 (18,5RB penilaian)","26 bulan lalu","null","KAB. BADUNG","30%offVOLCOM - GSB CHILLIN WAISTBAG BLKRp525.000Rp367.000148 TerjualKAB. BADUNG","https://shopee.co.id/VOLCOM-GSB-CHILLIN-WAISTBAG-BLK-i.315833408.6684168805?sp_atk=572b20da-3d41-4575-9719-e86c00449805&xptdk=572b20da-3d41-4575-9719-e86c00449805","null","null","null","null","null"
"1669206658-59","https://shopee.co.id/mall/brands/11042849","VNOISE","https://shopee.co.id/vnoise","","38","78% (hitungan jam)","1,2RB","4.6 (372 penilaian)","5 bulan lalu","null","KAB. BANDUNG","42%offVNOISE - Celana Jogger Pria Trendy Korean StyleGrosirRp120.000Rp70.000650 TerjualKAB. BANDUNG","https://shopee.co.id/VNOISE-Celana-Jogger-Pria-Trendy-Korean-Style-i.804116510.21816706231?sp_atk=925b96fe-a758-40d4-90b4-127354582493&xptdk=925b96fe-a758-40d4-90b4-127354582493","null","null","null","null","null"
"1669206689-60","https://shopee.co.id/mall/brands/11042849","VNI.ID","https://shopee.co.id/vni.id","","64","100% (hitungan jam)","63RB","4.7 (48,7RB penilaian)","20 bulan lalu","null","KOTA JAKARTA BARAT","77%offVNI.ID Basic Sweater Polos New York 199X Pria & Wanita SIZE M-XXLDiskon Rp500Rp39.800 - Rp56.6949,5RB TerjualKOTA JAKARTA BARAT","https://shopee.co.id/VNI.ID-Basic-Sweater-Polos-New-York-199X-Pria-Wanita-SIZE-M-XXL-i.404771892.6182446887?sp_atk=42312269-50cc-4f96-b746-a8afe22d1d59&xptdk=42312269-50cc-4f96-b746-a8afe22d1d59","null","null","null","null","null"
"1669206717-61","https://shopee.co.id/mall/brands/11042849","Vitlexs","https://shopee.co.id/vitlexsofficial","","61","44% (hitungan jam)","9,4RB","4.7 (1,8RB penilaian)","26 bulan lalu","null","KAB. BANDUNG","40%offVitlexs Sandal Pria Slip On Art Font VitlexsDiskon Rp20RBPilih 2, diskon 5%Rp200.000Rp120.00023 TerjualKAB. BANDUNG","https://shopee.co.id/Vitlexs-Sandal-Pria-Slip-On-Art-Font-Vitlexs-i.312777406.11623187022?sp_atk=332e8cdc-0d45-4c86-a0b9-107e456b6ab5&xptdk=332e8cdc-0d45-4c86-a0b9-107e456b6ab5","null","null","null","null","null"
"1669206745-62","https://shopee.co.id/mall/brands/11042849","Vish","https://shopee.co.id/vishbyntl","","101","52% (hitungan jam)","17%","8RB","4.9 (1,2RB penilaian)","null","KOTA JAKARTA BARAT","Vish - (Ready Stock) Ventela x Nevertoolavish: H13 Noir HighRp469.800111 TerjualKOTA JAKARTA BARAT","https://shopee.co.id/Vish-(Ready-Stock)-Ventela-x-Nevertoolavish-H13-Noir-High-i.218254552.7149898391?sp_atk=865b85e9-ba08-4b81-be40-25f5ae0096a4&xptdk=865b85e9-ba08-4b81-be40-25f5ae0096a4","null","null","null","null","null"
"1669206771-63","https://shopee.co.id/mall/brands/11042849","Visbar","https://shopee.co.id/visbar.id","","171","91% (hitungan jam)","72,3RB","4.9 (17,9RB penilaian)","3 tahun lalu","null","KOTA DEPOK","25%offVisbar TShirt T13 - MermaidDiskon Rp1RBPilih 3, bayar Rp250.000Rp169.000Rp126.7501,6RB TerjualKOTA DEPOK","https://shopee.co.id/Visbar-TShirt-T13-Mermaid-i.166044163.5616761704?sp_atk=31d46a99-2e60-4642-9345-56498f502769&xptdk=31d46a99-2e60-4642-9345-56498f502769","null","null","null","null","null"
"1669206796-64","https://shopee.co.id/mall/brands/11042849","VIBESAPPAREL","https://shopee.co.id/vibesapparel_","","219","95% (hitungan jam)","31RB","4.8 (8,9RB penilaian)","4 tahun lalu","null","KOTA TANGERANG","55%offVIBES APPAREL | Wirepeace | Coach JacketDiskon 20%Murah LebayRp350.000Rp159.0001,2RB TerjualKOTA TANGERANG","https://shopee.co.id/VIBES-APPAREL-Wirepeace-Coach-Jacket-i.106062905.6765038927?sp_atk=8b4b04b2-436e-4613-9948-58738fb97c35&xptdk=8b4b04b2-436e-4613-9948-58738fb97c35","null","null","null","null","null"
"1669206823-65","https://shopee.co.id/mall/brands/11042849","Vialli Milano","https://shopee.co.id/viallimilano","","259","58% (hitungan jam)","1,8RB","4.9 (1,5RB penilaian)","27 bulan lalu","null","KOTA JAKARTA BARAT","Danatella Polo Stripe Shirt Wanita lengan pendekRp229.000156 TerjualKOTA JAKARTA BARAT","https://shopee.co.id/Danatella-Polo-Stripe-Shirt-Wanita-lengan-pendek-i.298649135.8811076206?sp_atk=70b62e59-0b35-442f-afef-b155b67543b8&xptdk=70b62e59-0b35-442f-afef-b155b67543b8","null","null","null","null","null"
"1669206856-66","https://shopee.co.id/mall/brands/11042849","Verticalgoods","https://shopee.co.id/verticalgoods","","172","96% (hitungan jam)","41,2RB","4.8 (15,4RB penilaian)","5 tahun lalu","null","KOTA TANGERANG","59%offVerticalgoods | T-shirt Oversize | Kaos CURE BeigeKombo HematRp200.000Rp82.000812 TerjualKOTA TANGERANG","https://shopee.co.id/Verticalgoods-T-shirt-Oversize-Kaos-CURE-Beige-i.42407758.13435141260?sp_atk=3619f1e8-0fd0-4133-bfd4-7e011e5656a2&xptdk=3619f1e8-0fd0-4133-bfd4-7e011e5656a2","null","null","null","null","null"
"1669206888-67","https://shopee.co.id/mall/brands/11042849","Verkoop","https://shopee.co.id/verkoop.store","","54","56% (hitungan jam)","2RB","4.9 (1,9RB penilaian)","9 bulan lalu","null","KOTA JAKARTA SELATAN","60%offVerkoop Long Sleeve Tshirt ArmyRp299.000Rp119.00035 TerjualKOTA JAKARTA SELATAN","https://shopee.co.id/Verkoop-Long-Sleeve-Tshirt-Army-i.698748973.20458886939?sp_atk=18670d74-6ae1-496a-ae04-67d46ba97ac0&xptdk=18670d74-6ae1-496a-ae04-67d46ba97ac0","null","null","null","null","null"
"1669206914-68","https://shopee.co.id/mall/brands/11042849","Vercline","https://shopee.co.id/vercline","","34","29% (hitungan jam)","1,9RB","4.8 (239 penilaian)","4 tahun lalu","null","KOTA JAKARTA BARAT","30%offVercline Oversized T-Shirt DOBIERp425.000Rp297.5004 TerjualKOTA JAKARTA BARAT","https://shopee.co.id/Vercline-Oversized-T-Shirt-DOBIE-i.92018159.19057695179?sp_atk=de95ebad-aba6-4b82-a2a1-1ae7842cfc15&xptdk=de95ebad-aba6-4b82-a2a1-1ae7842cfc15","null","null","null","null","null"
"1669206943-69","https://shopee.co.id/mall/brands/11042849","Vengoz","https://shopee.co.id/vengoz","","251","74% (hitungan jam)","126,5RB","4.8 (57,7RB penilaian)","5 tahun lalu","null","KOTA JAKARTA UTARA","64%offVENGOZ Kemeja Pria - Adya Casual ShirtDiskon 50%Pilih 2, diskon 3%Rp359.000Rp129.0002,7RB TerjualKOTA JAKARTA UTARA","https://shopee.co.id/VENGOZ-Kemeja-Pria-Adya-Casual-Shirt-i.58259176.9618220973?sp_atk=58fc8d09-0d98-4684-bdd2-07aaefaed353&xptdk=58fc8d09-0d98-4684-bdd2-07aaefaed353","null","null","null","null","null"
"1669206970-70","https://shopee.co.id/mall/brands/11042849","Veljko","https://shopee.co.id/veljko.official","","283","97% (hitungan jam)","57,5RB","4.8 (26,5RB penilaian)","34 bulan lalu","null","KOTA BANDUNG","45%offVeljko T-shirt Larva BlackDiskon Rp2,5RBRp135.000Rp74.5001,9RB TerjualKOTA BANDUNG","https://shopee.co.id/Veljko-T-shirt-Larva-Black-i.219487388.3929010782?sp_atk=21925025-674e-48e5-8bb1-b20cce069884&xptdk=21925025-674e-48e5-8bb1-b20cce069884","null","null","null","null","null"
"1669206995-71","https://shopee.co.id/mall/brands/11042849","Vearst","https://shopee.co.id/vearst","","399","89% (hitungan jam)","48RB","4.8 (15,6RB penilaian)","34 bulan lalu","null","KOTA BANDUNG","41%offVearst Work Pants Sable 540 Cut BlackDiskon Rp5RBRp439.000Rp260.000709 TerjualKOTA BANDUNG","https://shopee.co.id/Vearst-Work-Pants-Sable-540-Cut-Black-i.224781834.6278574673?sp_atk=04fcb313-80d3-401f-9df1-1fff72dbe292&xptdk=04fcb313-80d3-401f-9df1-1fff72dbe292","null","null","null","null","null"
"1669207021-72","https://shopee.co.id/mall/brands/11042849","VCRL","https://shopee.co.id/vcrl.id","","53","91% (hitungan jam)","2,6RB","4.6 (5,1RB penilaian)","29 bulan lalu","null","KAB. BANDUNG","50%offVCRL Sweater Pria Sablon Polos Basic Bahan Cotton Flece OriginalDiskon 50%Rp75.000 - Rp150.00010RB+ TerjualKAB. BANDUNG","https://shopee.co.id/VCRL-Sweater-Pria-Sablon-Polos-Basic-Bahan-Cotton-Flece-Original-i.282506205.8515037788?sp_atk=497bb461-d4a8-4a50-88b9-90ec8ca90539&xptdk=497bb461-d4a8-4a50-88b9-90ec8ca90539","null","null","null","null","null"
"1669207049-73","https://shopee.co.id/mall/brands/11042849","Varial","https://shopee.co.id/varialapparel.co","","242","95% (hitungan jam)","11,9RB","4.8 (2,4RB penilaian)","4 tahun lalu","null","KAB. BADUNG","18%offJAKET JEANS PRIA / TRUCKER JEANS / STONEWASH /DENIM / V TRD CONS MEDICINE BLUEDiskon Rp20RBRp430.000Rp352.60091 TerjualKAB. BADUNG","https://shopee.co.id/JAKET-JEANS-PRIA-TRUCKER-JEANS-STONEWASH-DENIM-V-TRD-CONS-MEDICINE-BLUE-i.105948078.6487864075?sp_atk=f73e01e9-3c41-4d6a-b2b2-9aa47dc423be&xptdk=f73e01e9-3c41-4d6a-b2b2-9aa47dc423be","null","null","null","null","null"
"1669207078-74","https://shopee.co.id/mall/brands/11042849","Vampire Dead And Revenge","https://shopee.co.id/vampiredeadandrevenge","","584","99% (hitungan jam)","57,9RB","4.8 (21,1RB penilaian)","33 bulan lalu","null","KAB. BANTUL","44%offVampire Kingdom T-shirt Short Sleeve | Gorgeo | BlackDiskon Rp2,5RBPilih 2, diskon Rp3.000Rp169.000Rp95.0001,1RB TerjualKAB. BANTUL","https://shopee.co.id/Vampire-Kingdom-T-shirt-Short-Sleeve-Gorgeo-Black-i.229008774.13814294907?sp_atk=c45470f0-7c68-4563-a09e-b2f77520c7e9&xptdk=c45470f0-7c68-4563-a09e-b2f77520c7e9","null","null","null","null","null"
"1669207103-75","https://shopee.co.id/mall/brands/11042849","Urbain Inc","https://shopee.co.id/urbaininc","","103","54% (hitungan jam)","77,8RB","4.8 (16,7RB penilaian)","3 tahun lalu","null","KOTA JAKARTA SELATAN","45%offUrbain Beanie/Kupluk Wool Hitam LogoPilih 2, bayar Rp100.000Rp100.000Rp55.000857 TerjualKOTA JAKARTA SELATAN","https://shopee.co.id/Urbain-Beanie-Kupluk-Wool-Hitam-Logo-i.155156587.4563253173?sp_atk=461eb99a-c0a3-4e29-a492-fe91a1b89612&xptdk=461eb99a-c0a3-4e29-a492-fe91a1b89612","null","null","null","null","null"
"1669207129-76","https://shopee.co.id/mall/brands/11042849","Uprise","https://shopee.co.id/uprisedenim","","89","97% (hitungan jam)","80,8RB","4.9 (7,1RB penilaian)","33 bulan lalu","null","KOTA JAKARTA UTARA","UPRISE Oversize Polo Black , White , GrayDiskon Rp15RBRp179.000103 TerjualKOTA JAKARTA UTARA","https://shopee.co.id/UPRISE-Oversize-Polo-Black-White-Gray-i.231103920.8498349348?sp_atk=9a7ec6f1-a0f1-4963-8a31-9bc39fc4c9b9&xptdk=9a7ec6f1-a0f1-4963-8a31-9bc39fc4c9b9","null","null","null","null","null"
"1669207154-77","https://shopee.co.id/mall/brands/11042849","Unxplnd","https://shopee.co.id/unxplndmarket","","159","76% (hitungan jam)","24,8RB","4.9 (5,5RB penilaian)","25 bulan lalu","null","KAB. TANGERANG","27%offUnxplnd | Beanie | Basic OG WovenRp95.000Rp69.0001,1RB TerjualKAB. TANGERANG","https://shopee.co.id/Unxplnd-Beanie-Basic-OG-Woven-i.325670631.9348232420?sp_atk=4257f6ea-2094-4c28-bb4c-516e0cdf9c0f&xptdk=4257f6ea-2094-4c28-bb4c-516e0cdf9c0f","null","null","null","null","null"
"1669207185-78","https://shopee.co.id/mall/brands/11042849","UNTCKD","https://shopee.co.id/untckd_official","","488","78% (hitungan jam)","97,1RB","4.8 (18,6RB penilaian)","7 tahun lalu","null","KOTA JAKARTA UTARA","67%offUNTCKD Quill FannypackRp150.000Rp50.000226 TerjualKOTA JAKARTA UTARA","https://shopee.co.id/UNTCKD-Quill-Fannypack-i.1304055.3414141404?sp_atk=cfc1e2eb-8315-4ff5-99c4-ed73c80dcbc7&xptdk=cfc1e2eb-8315-4ff5-99c4-ed73c80dcbc7","null","null","null","null","null"
"1669207216-79","https://shopee.co.id/mall/brands/11042849","Uno.co","https://shopee.co.id/unoco.official","","79","97% (hitungan jam)","20,8RB","4.9 (5,6RB penilaian)","36 bulan lalu","null","KOTA JAKARTA TIMUR","9%offUno.co Kemeja Formal Office Shirt lengan pendek hitam Big Size Xl-7XlCashback 3%Rp209.000 - Rp269.000152 TerjualKOTA JAKARTA TIMUR","https://shopee.co.id/Uno.co-Kemeja-Formal-Office-Shirt-lengan-pendek-hitam-Big-Size-Xl-7Xl-i.204790309.9576464727?sp_atk=d1c84bd4-9426-49f1-85f8-b0fe71731c81&xptdk=d1c84bd4-9426-49f1-85f8-b0fe71731c81","null","null","null","null","null"
"1669207250-80","https://shopee.co.id/mall/brands/11042849","UNKL347","https://shopee.co.id/unkl347official","","384","98% (hitungan jam)","133,1RB","4.8 (39,2RB penilaian)","4 tahun lalu","null","KOTA SURAKARTA (SOLO)","70%offUNKL347 T-Shirt Hitam Bahan Combed Motif Simpel BDTMRp260.000Rp78.0001,2RB TerjualKOTA SURAKARTA (SOLO)","https://shopee.co.id/UNKL347-T-Shirt-Hitam-Bahan-Combed-Motif-Simpel-BDTM-i.80732230.14790223061?sp_atk=2886f6a8-7609-4aaf-8643-f13ae7402913&xptdk=2886f6a8-7609-4aaf-8643-f13ae7402913","null","null","null","null","null"
"1669207277-81","https://shopee.co.id/mall/brands/11042849","Unitedhart","https://shopee.co.id/unitedhart_official","","96","75% (hitungan jam)","18,4RB","4.9 (2,9RB penilaian)","28 bulan lalu","null","KOTA BANDUNG","UH! Heavyweight Cotton 16s Pocket Tees BlackRp178.000226 TerjualKOTA BANDUNG","https://shopee.co.id/UH!-Heavyweight-Cotton-16s-Pocket-Tees-Black-i.293283681.4896740595?sp_atk=6a025f1d-e25f-48e4-ad2a-d4edc74852d0&xptdk=6a025f1d-e25f-48e4-ad2a-d4edc74852d0","null","null","null","null","null"
"1669207301-82","https://shopee.co.id/mall/brands/11042849","Unionwell","https://shopee.co.id/unionwelloriginal","","203","88% (hitungan jam)","14,7RB","4.9 (5,3RB penilaian)","3 tahun lalu","null","KOTA JAKARTA SELATAN","40%offUnionwell Tshirt Unionround Logo BlackRp300.000Rp180.000236 TerjualKOTA JAKARTA SELATAN","https://shopee.co.id/Unionwell-Tshirt-Unionround-Logo-Black-i.168583478.11156284810?sp_atk=ec82cd20-ed94-4e6a-9171-5b773c9e68ed&xptdk=ec82cd20-ed94-4e6a-9171-5b773c9e68ed","null","null","null","null","null"
"1669207329-83","https://shopee.co.id/mall/brands/11042849","Underage","https://shopee.co.id/underage.indonesia","","167","89% (hitungan jam)","10,4RB","4.9 (4,7RB penilaian)","3 tahun lalu","null","KOTA BANDUNG","54%offUnderage T-Shirt wild and free long sleve black streetwear | kaos motorDiskon Rp10RBMurah LebayRp138.600 - Rp163.350715 TerjualKOTA BANDUNG","https://shopee.co.id/Underage-T-Shirt-wild-and-free-long-sleve-black-streetwear-kaos-motor-i.199857305.4456360290?sp_atk=6c3c1f17-0f8f-470b-b60d-95429df8632b&xptdk=6c3c1f17-0f8f-470b-b60d-95429df8632b","null","null","null","null","null"
"1669207357-84","https://shopee.co.id/mall/brands/11042849","UK Unicloth Kingdom","https://shopee.co.id/uniclothkingdom","","79","62% (hitungan jam)","362","4.8 (128 penilaian)","19 bulan lalu","null","KOTA BANDUNG","50%offUK Unicloth Kingdom Tshirt Basic / Kaos Polos 24s / Kaos Polos Tanpa Jahitan SampingGrosirRp86.000Rp43.000152 TerjualKOTA BANDUNG","https://shopee.co.id/UK-Unicloth-Kingdom-Tshirt-Basic-Kaos-Polos-24s-Kaos-Polos-Tanpa-Jahitan-Samping-i.421704542.8488957170?sp_atk=02cf8785-af92-4601-b9a2-b5bee8f13dda&xptdk=02cf8785-af92-4601-b9a2-b5bee8f13dda","null","null","null","null","null"
"1669207384-85","https://shopee.co.id/mall/brands/11042849","UC&CO.","https://shopee.co.id/ucandcocanggu","","49","5%","384","4.9 (80 penilaian)","31 bulan lalu","null","KAB. BADUNG","UC&CO. Six Panel Cap Rest In ParadiseRp245.000 - Rp270.0004 TerjualKAB. BADUNG","https://shopee.co.id/UC-CO.-Six-Panel-Cap-Rest-In-Paradise-i.244561474.5929242914?sp_atk=639dbcef-379c-43ab-9656-8a733e3a24c9&xptdk=639dbcef-379c-43ab-9656-8a733e3a24c9","null","null","null","null","null"
"1669207410-86","https://shopee.co.id/mall/brands/11042849","U8","https://shopee.co.id/u8clothing","","129","68% (hitungan jam)","783","4.7 (184 penilaian)","28 bulan lalu","null","KOTA SURABAYA","60%offU8 Kemeja Motif Kirkless Navy Grey Modern Tribal KIRKLESS 1019-01Rp359.000Rp143.6003 TerjualKOTA SURABAYA","https://shopee.co.id/U8-Kemeja-Motif-Kirkless-Navy-Grey-Modern-Tribal-KIRKLESS-1019-01-i.283006103.7565395407?sp_atk=51baed2a-b645-41cc-b359-bfd33734d0b7&xptdk=51baed2a-b645-41cc-b359-bfd33734d0b7","null","null","null","null","null"
"1669207435-87","https://shopee.co.id/mall/brands/11042849","Twohead","https://shopee.co.id/twohead.official","","129","85% (hitungan jam)","19,6RB","4.8 (6,3RB penilaian)","24 bulan lalu","null","KAB. BANDUNG","59%offTwohead tshirt Depression WhiteDiskon Rp2,5RBRp180.000Rp73.8001,1RB TerjualKAB. BANDUNG","https://shopee.co.id/Twohead-tshirt-Depression-White-i.346059716.9528689078?sp_atk=6fc695a2-39a1-437f-8b9e-3ce3182ef830&xptdk=6fc695a2-39a1-437f-8b9e-3ce3182ef830","null","null","null","null","null"
"1669207460-88","https://shopee.co.id/mall/brands/11042849","Twinfit","https://shopee.co.id/twinfit_official","","184","99% (hitungan menit)","10,9RB","4.8 (2,1RB penilaian)","5 tahun lalu","null","KOTA BANDUNG","50%offTwinfit Basic Polo ShirtPilih 3, bayar Rp250.000Rp209.000Rp104.0001,2RB TerjualKOTA BANDUNG","https://shopee.co.id/Twinfit-Basic-Polo-Shirt-i.33873300.5849880509?sp_atk=364c97d4-1d86-4404-a8ee-1d8b44d327cd&xptdk=364c97d4-1d86-4404-a8ee-1d8b44d327cd","null","null","null","null","null"
"1669207486-89","https://shopee.co.id/mall/brands/11042849","Tvck","https://shopee.co.id/tvck_cons","","333","81% (hitungan jam)","17,2RB","4.9 (1,6RB penilaian)","3 tahun lalu","null","KOTA BANDUNG","25%offTvck Sling Bag Haqiba BlackRp155.000Rp116.250131 TerjualKOTA BANDUNG","https://shopee.co.id/Tvck-Sling-Bag-Haqiba-Black-i.158273238.5215538075?sp_atk=8c488b35-c535-471e-b6c8-732ec7d1e88d&xptdk=8c488b35-c535-471e-b6c8-732ec7d1e88d","null","null","null","null","null"
"1669207554-90","https://shopee.co.id/mall/brands/11042849","Trust Denim","https://shopee.co.id/trustdenimofficial","","88","69% (hitungan jam)","13RB","4.9 (3,6RB penilaian)","4 tahun lalu","null","KAB. BANDUNG","57%offTRUST DENIM Black Rainbow 505 Celana Denim selvedge accent  - Black Denim OriginalRp420.000Rp179.999388 TerjualKAB. BANDUNG","https://shopee.co.id/TRUST-DENIM-Black-Rainbow-505-Celana-Denim-selvedge-accent-Black-Denim-Original-i.79588850.2107775561?sp_atk=444ff9cc-e3d5-419f-84c4-52e653947321&xptdk=444ff9cc-e3d5-419f-84c4-52e653947321","null","null","null","null","null"
"1669207596-91","https://shopee.co.id/mall/brands/11042849","Troy.","https://shopee.co.id/troycompany","","681","97% (hitungan jam)","93,8RB","4.8 (43,3RB penilaian)","4 tahun lalu","null","KAB. SLEMAN","Troy Company Gelang Tangan Black GL 106Rp10.0007,2RB TerjualKAB. SLEMAN","https://shopee.co.id/Troy-Company-Gelang-Tangan-Black-GL-106-i.132593038.4131694080?sp_atk=582d04c8-017c-4a0b-8e32-d97150d02dda&xptdk=582d04c8-017c-4a0b-8e32-d97150d02dda","null","null","null","null","null"
"1669207631-92","https://shopee.co.id/mall/brands/11042849","Troveast","https://shopee.co.id/troveast","","90","84% (hitungan jam)","256RB","4.6 (215,5RB penilaian)","6 tahun lalu","null","KOTA TANGERANG","44%offTroveast Jaket Outdoor WaterproofDiskon Rp20RBMurah LebayRp300.000Rp169.00010RB+ TerjualKOTA TANGERANG","https://shopee.co.id/Troveast-Jaket-Outdoor-Waterproof-i.7791565.41661639?sp_atk=7e57d621-3ae0-4f75-8e2a-be4b9a8f907d&xptdk=7e57d621-3ae0-4f75-8e2a-be4b9a8f907d","null","null","null","null","null"
"1669207669-93","https://shopee.co.id/mall/brands/11042849","Trousary","https://shopee.co.id/trousaryofficial","","43","100% (hitungan menit)","3,6RB","4.8 (4,9RB penilaian)","3 tahun lalu","null","KAB. BANDUNG","39%offTrousary Sweater  Hoodie Zipper / Sleting Original Size S M L XL XXLDiskon 50%Rp85.000 - Rp130.0001,1RB TerjualKAB. BANDUNG","https://shopee.co.id/Trousary-Sweater-Hoodie-Zipper-Sleting-Original-Size-S-M-L-XL-XXL-i.180630585.5372680447?sp_atk=30513fe7-ecc2-4b2f-b458-e5841ae7e254&xptdk=30513fe7-ecc2-4b2f-b458-e5841ae7e254","null","null","null","null","null"
"1669207695-94","https://shopee.co.id/mall/brands/11042849","Trondheim","https://shopee.co.id/trondheimoriginal","","175","96% (hitungan jam)","19,3RB","4.8 (26,9RB penilaian)","4 tahun lalu","null","KOTA CIMAHI","74%offTrondheim Celana Jeans Slim Fit PriaRp120.000 - Rp139.0005,7RB TerjualKOTA CIMAHI","https://shopee.co.id/Trondheim-Celana-Jeans-Slim-Fit-Pria-i.119232628.2200142141?sp_atk=ba074b5a-15e4-4aef-bb39-a953872af8d3&xptdk=ba074b5a-15e4-4aef-bb39-a953872af8d3","null","null","null","null","null"
"1669207725-95","https://shopee.co.id/mall/brands/11042849","Triple","https://shopee.co.id/triplejeans","","462","85% (hitungan jam)","30,6RB","4.8 (12,3RB penilaian)","3 tahun lalu","null","KOTA SURABAYA","60%offTRIPLE Ladies Celana Jeans Stretch Slim Fit (94 777 GW)Diskon Rp7RBRp425.000Rp170.000695 TerjualKOTA SURABAYA","https://shopee.co.id/TRIPLE-Ladies-Celana-Jeans-Stretch-Slim-Fit-(94-777-GW)-i.175328065.6419139281?sp_atk=c83ab3a9-c569-43db-a328-6265ca87228a&xptdk=c83ab3a9-c569-43db-a328-6265ca87228a","null","null","null","null","null"
"1669207751-96","https://shopee.co.id/mall/brands/11042849","trepel","https://shopee.co.id/trepel.co","","38","78% (hitungan jam)","646","4.8 (424 penilaian)","7 bulan lalu","null","KOTA BANDUNG","27%offTrepel.Co Celana Cargo Pendek Warna Abu Muda Free Gantungan KunciDiskon Rp2RBPilih 3, diskon Rp5.000Rp124.700 - Rp175.000221 TerjualKOTA BANDUNG","https://shopee.co.id/Trepel.Co-Celana-Cargo-Pendek-Warna-Abu-Muda-Free-Gantungan-Kunci-i.754871962.19724584257?sp_atk=dcf203f4-2e9a-4d32-ba59-44c180ba4533&xptdk=dcf203f4-2e9a-4d32-ba59-44c180ba4533","null","null","null","null","null"
"1669207780-97","https://shopee.co.id/mall/brands/11042849","Tozicozy","https://shopee.co.id/tozicozy","","174","98% (hitungan jam)","23,8RB","4.8 (8,3RB penilaian)","4 tahun lalu","null","KAB. BANDUNG","Tozicozy Zein Tas Sling Bag Pria Warna Hitam Waterproof Bahan BimoDiskon 50%Hadiah GratisRp159.000349 TerjualKAB. BANDUNG","https://shopee.co.id/Tozicozy-Zein-Tas-Sling-Bag-Pria-Warna-Hitam-Waterproof-Bahan-Bimo-i.130851767.7894154586?sp_atk=08b5f101-925f-49da-ab94-fd9915437be5&xptdk=08b5f101-925f-49da-ab94-fd9915437be5","null","null","null","null","null"
"1669207806-98","https://shopee.co.id/mall/brands/11042849","TOPTEN","https://shopee.co.id/toptenofficial","","208","88% (hitungan jam)","11,9RB","4.7 (1,9RB penilaian)","4 tahun lalu","null","KOTA SURABAYA","49%offTOPTEN Celana Dalam Pria Boxer Premium Topten SportDiskon 10%Rp99.000Rp49.999687 TerjualKOTA SURABAYA","https://shopee.co.id/TOPTEN-Celana-Dalam-Pria-Boxer-Premium-Topten-Sport-i.96058796.6010357260?sp_atk=9a07917a-865d-4cd5-96ab-f8b44cb41ad9&xptdk=9a07917a-865d-4cd5-96ab-f8b44cb41ad9","null","null","null","null","null"
"1669207834-99","https://shopee.co.id/mall/brands/11042849","TopOne88","https://shopee.co.id/topone88","","293","98% (hitungan jam)","105RB","4.7 (150,9RB penilaian)","6 tahun lalu","null","KOTA JAKARTA BARAT","40%offTopone88 Jaket Royal Hoodie Zipper Anak Laki Perempuan UnisexMurah LebayRp100.000Rp60.00010RB+ TerjualKOTA JAKARTA BARAT","https://shopee.co.id/Topone88-Jaket-Royal-Hoodie-Zipper-Anak-Laki-Perempuan-Unisex-i.19222953.784901261?sp_atk=8aa4b8db-b13c-40b4-9da9-39ed9051d52f&xptdk=8aa4b8db-b13c-40b4-9da9-39ed9051d52f","null","null","null","null","null"
"1669207867-100","https://shopee.co.id/mall/brands/11042849","Tootsie","https://shopee.co.id/tootsie.official","","61","87% (hitungan jam)","3,9RB","4.9 (777 penilaian)","8 bulan lalu","null","KOTA BANDUNG","TOOTSIE - Caen T-Shirt -  AdultRp169.900242 TerjualKOTA BANDUNG","https://shopee.co.id/TOOTSIE-Caen-T-Shirt-Adult-i.737806720.17560654763?sp_atk=35286096-f007-4012-b3d4-158a13bba5c7&xptdk=35286096-f007-4012-b3d4-158a13bba5c7","null","null","null","null","null"
"1669207937-101","https://shopee.co.id/mall/brands/11042849","Tootal Underwear","https://shopee.co.id/tootal.official","","24","26% (hitungan jam)","294","4.9 (255 penilaian)","24 bulan lalu","null","KOTA TANGERANG SELATAN","Tootal Celana Dalam Pria Mini Brief 3 Warna / pack - TTOB03M3CRp89.90030 TerjualKOTA TANGERANG SELATAN","https://shopee.co.id/Tootal-Celana-Dalam-Pria-Mini-Brief-3-Warna-pack-TTOB03M3C-i.338429743.5567484831?sp_atk=9348821f-1be0-4de7-8b4a-f20f2c2e516d&xptdk=9348821f-1be0-4de7-8b4a-f20f2c2e516d","null","null","null","null","null"
"1669207991-102","https://shopee.co.id/mall/brands/11042849","Tootal","https://shopee.co.id/tootal","","83","62% (hitungan jam)","534","4.9 (197 penilaian)","5 tahun lalu","null","KOTA JAKARTA TIMUR","50%offTootal Kemeja Pria Lengan Panjang Stripe 272 BlueDiskon 50%Rp688.000Rp344.00012 TerjualKOTA JAKARTA TIMUR","https://shopee.co.id/Tootal-Kemeja-Pria-Lengan-Panjang-Stripe-272-Blue-i.39412025.7941584422?sp_atk=02df9a3c-87dd-4384-a896-dfbf60583ef7&xptdk=02df9a3c-87dd-4384-a896-dfbf60583ef7","null","null","null","null","null"
"1669208070-103","https://shopee.co.id/mall/brands/11042849","TOMS PROJECT","https://shopee.co.id/tomsproject.id","","159","92% (hitungan jam)","39RB","4.8 (11,9RB penilaian)","5 tahun lalu","null","KOTA BANDUNG","63%offToms Project Tshirt Saint Muerte - Kaos PriaPilih 3, bayar Rp195.000Rp185.000Rp69.0002,8RB TerjualKOTA BANDUNG","https://shopee.co.id/Toms-Project-Tshirt-Saint-Muerte-Kaos-Pria-i.55255133.3297105846?sp_atk=cb7ff0e9-a0ef-4131-ac97-cea5fe7ffd40&xptdk=cb7ff0e9-a0ef-4131-ac97-cea5fe7ffd40","null","null","null","null","null"
"1669208198-104","https://shopee.co.id/mall/brands/11042849","Tokocrypto","https://shopee.co.id/tokocrypto_official","","21","47%","43","5.0 (4 penilaian)","11 bulan lalu","null","KOTA JAKARTA SELATAN","Tokocrypto - Astronauts Skate Black - Size MRp180.0002 TerjualKOTA JAKARTA SELATAN","https://shopee.co.id/Tokocrypto-Astronauts-Skate-Black-Size-M-i.637852336.19844837626?sp_atk=9bb799c0-7b9d-4fc9-ac0d-328de1824900&xptdk=9bb799c0-7b9d-4fc9-ac0d-328de1824900","null","null","null","null","null"
"1669208239-105","https://shopee.co.id/mall/brands/11042849","TNGR","https://shopee.co.id/tngrdeadly","","650","76% (hitungan jam)","28,4RB","4.8 (9,6RB penilaian)","5 tahun lalu","null","KAB. SLEMAN","55%offTNGR Deadly T-Shirt ZHOCX Blue TeesDiskon Rp7,77RBRp165.000Rp75.000212 TerjualKAB. SLEMAN","https://shopee.co.id/TNGR-Deadly-T-Shirt-ZHOCX-Blue-Tees-i.38323773.8642501922?sp_atk=ec109f47-172a-4c4b-90c6-57ec90000dd9&xptdk=ec109f47-172a-4c4b-90c6-57ec90000dd9","null","null","null","null","null"
"1669208268-106","https://shopee.co.id/mall/brands/11042849","Tizzly","https://shopee.co.id/tizzly.co","","13","88% (hitungan jam)","3,9RB","4.8 (2RB penilaian)","29 bulan lalu","null","KOTA CIMAHI","35%offTizzly Avernus Varian2Rp187.850 - Rp203.550396 TerjualKOTA CIMAHI","https://shopee.co.id/Tizzly-Avernus-Varian2-i.279384362.3260542535?sp_atk=396ed2f9-7676-4c65-946a-f859663d3110&xptdk=396ed2f9-7676-4c65-946a-f859663d3110","null","null","null","null","null"
"1669208297-107","https://shopee.co.id/mall/brands/11042849","Tirajeans","https://shopee.co.id/tirajeansofficial","","439","60% (hitungan jam)","31,7RB","4.8 (8,5RB penilaian)","5 tahun lalu","null","KOTA BEKASI","25%offTirajeans T-Shirts L/S TTL205K40004S21 BlackDiskon Rp20RBRp179.900Rp134.925224 TerjualKOTA BEKASI","https://shopee.co.id/Tirajeans-T-Shirts-L-S-TTL205K40004S21-Black-i.55934463.8148573584?sp_atk=2f721fdf-eae2-47c2-8483-4a495098ea76&xptdk=2f721fdf-eae2-47c2-8483-4a495098ea76","null","null","null","null","null"
"1669208322-108","https://shopee.co.id/mall/brands/11042849","TIMONOSD","https://shopee.co.id/timonosd.co","","313","58% (hitungan jam)","60,5RB","4.7 (18,5RB penilaian)","5 tahun lalu","null","KOTA TANGERANG SELATAN","Timonosd Crewneck Tmnsd “Had “Rp210.000544 TerjualKOTA TANGERANG SELATAN","https://shopee.co.id/Timonosd-Crewneck-Tmnsd-%E2%80%9CHad-%E2%80%9C-i.51123839.3841831780?sp_atk=3ccecea5-a37d-46db-b24f-e52f9bd0193c&xptdk=3ccecea5-a37d-46db-b24f-e52f9bd0193c","null","null","null","null","null"
"1669208352-109","https://shopee.co.id/mall/brands/11042849","Timberland","https://shopee.co.id/timberlandofficial","","897","100% (hitungan jam)","32RB","4.9 (1,6RB penilaian)","32 bulan lalu","null","KOTA TANGERANG SELATAN","5%offTimberland Women 6In Prem Boot Wheat Nubuck-TB010361713Diskon Rp25RBRp3.600.500 - Rp3.790.00016 TerjualKOTA TANGERANG SELATAN","https://shopee.co.id/Timberland-Women-6In-Prem-Boot-Wheat-Nubuck-TB010361713-i.240533996.7638556753?sp_atk=5129bd0c-b7ff-4639-a703-2e237c7d0653&xptdk=5129bd0c-b7ff-4639-a703-2e237c7d0653","null","null","null","null","null"
"1669208377-110","https://shopee.co.id/mall/brands/11042849","Tightless","https://shopee.co.id/tightless","","25","57%","341","4.7 (35 penilaian)","23 bulan lalu","null","KOTA BANDUNG","62%offTightless Sweater Pullover Hoodie LethargyRp449.000Rp169.0008 TerjualKOTA BANDUNG","https://shopee.co.id/Tightless-Sweater-Pullover-Hoodie-Lethargy-i.362960731.3483261058?sp_atk=98125f87-2e08-42e1-b1db-e7e9895819da&xptdk=98125f87-2e08-42e1-b1db-e7e9895819da","null","null","null","null","null"
"1669208403-111","https://shopee.co.id/mall/brands/11042849","Throox","https://shopee.co.id/throoxoriginal","","378","97% (hitungan jam)","146,2RB","4.8 (48,3RB penilaian)","4 tahun lalu","null","KAB. SUKOHARJO","49%offThroox T-Shirt kaos hitam ||THRX Good Smilow BlackDiskon Rp5RBPilih 3, bayar Rp250.000Rp175.000Rp89.0001,6RB TerjualKAB. SUKOHARJO","https://shopee.co.id/Throox-T-Shirt-kaos-hitam-THRX-Good-Smilow-Black-i.118571446.7526533289?sp_atk=33371e29-b70f-400b-8225-246bd48992b8&xptdk=33371e29-b70f-400b-8225-246bd48992b8","null","null","null","null","null"
"1669208428-112","https://shopee.co.id/mall/brands/11042849","Thistimebrand","https://shopee.co.id/thistimebrand","","1,2RB","94% (hitungan jam)","83,7RB","4.7 (24,1RB penilaian)","4 tahun lalu","null","KOTA BEKASI","This Time Brand Paket Hemat Murah Meriah , Geser Ke KananDiskon Rp1RBKombo HematRp200.000600 TerjualKOTA BEKASI","https://shopee.co.id/This-Time-Brand-Paket-Hemat-Murah-Meriah-Geser-Ke-Kanan-i.86409600.6045631676?sp_atk=a65e129a-8261-410e-a457-5754b5dc6b63&xptdk=a65e129a-8261-410e-a457-5754b5dc6b63","null","null","null","null","null"
"1669208462-113","https://shopee.co.id/mall/brands/11042849","This is April","https://shopee.co.id/thisisapril","","951","99% (hitungan jam)","755,9RB","4.9 (108,4RB penilaian)","5 tahun lalu","null","KOTA JAKARTA UTARA","This Is April Taya Pants Celana Jeans Wanita Light Denim 281814Diskon Rp10RBRp259.0001,2RB TerjualKOTA JAKARTA UTARA","https://shopee.co.id/This-Is-April-Taya-Pants-Celana-Jeans-Wanita-Light-Denim-281814-i.60731464.4235233138?sp_atk=085ba510-c531-4ca6-904d-9f520605f36d&xptdk=085ba510-c531-4ca6-904d-9f520605f36d","null","null","null","null","null"
